userId,email,password,nickname
1,GlennShaffer3079@la.com,BonnyKaputGiuseppe,SideTins
2,CecilCohen7922@atlaswebmail.com,PeevishlyRenalBelly,BobsSix
3,ShaneHall3845@from-holland.com,CavernouslyHighHaze,MisLucas
4,ToniaTurner1921@mail2ashley.com,AdeptlyFellTrundle,BeatMora
5,DenisPearson5262@netlimit.com,SprylyMucousGoby,DeftCuif
6,LesleyWright9324@croeso.com,DanklyPolishDariole,OwedSego
7,KendraOrozco5644@mail2pisces.com,NoneSizzlingBacillus,GummyPud
8,JohannaStevenson5508@tot.net,MorallyRabidCider,EightDiv
9,CedricClark5194@mail2barter.com,SlowWoolenStitchings,GoodBuns
10,CorneliaWise5786@mail-center.com,MixedlyIll-bredAisne,CurFowl
11,BonitaFrey3598@mail2kendall.com,PitapatInfantCadgers,IdleVino
12,BethKidd5348@bigfoot.com,TenthPalatineNows,TrimLes
13,EveretteNelson5767@from-spain.net,SmartlyAssayableGarb,ByeQophs
14,JerriFranklin8359@mailmight.com,FainComelyStern,AmokBart
15,VirginiaIrwin7840@vahoo.com,DefinablyMatHinduism,AceTunny
16,KyleHerrera8535@soon.com,ThirdGnarlierSquill,GuttaOne
17,ClintonWolf2305@access4less.net,PoshXanthicSeraph,DeafFawn
18,LeliaDiaz9834@blushmail.com,HarshlyMacabreSlalom,CurstPam
19,JoesphOlson1995@mail2heather.com,AfterSoledFuzes,GoodEggs
20,SeymourMullen1042@mail2atlas.com,SnappishlyLostIntine,LeeWhigs
21,FredaTanner3578@press.co.jp,HortatorilyAnimalAne,CantPawn
22,BrandyMerritt2799@publicist.com,EachPrivateCentaurea,OpticQat
23,RosalynJensen1761@mail2blake.com,AnewBuggyTaboret,FrontKip
24,ManuelaNguyen4443@mail2sweden.com,UnmindfullyNewSpurn,BayStrap
25,WilfredCollins6380@nicebush.com,MeanlySousedExotics,CokyCelt
26,DionHatfield9766@mail2diamond.com,RavingDismalCalabash,PortEild
27,JonathonCantu3757@apexmail.com,DoomsDebatableRuckus,DeepMab
28,AubreyGarrett5493@mail2noel.com,LegallyGratisDozens,DowfTups
29,FayeHoward3258@mailme.dk,BadEcuadoranLamias,ShedRun
30,JudyThompson9838@123box.net,NinthlyVestedWooer,DotyLynn
31,EffieSuarez7394@talkcity.com,PunishinglySapDictum,ToldTace
32,DeeZuniga8310@mail2abc.com,SecondCorticatePony,GrabSice
33,StefanieLozano5308@emailcorner.net,HelplesslyMuffledTaj,SignPolk
34,TanishaAllison3668@mindless.com,WorseWartyAlgidity,TradeLed
35,RonnieHendrix3585@peachworld.com,RightlyStoopingJib,EddicAni
36,LeolaMarquez2350@uni.de,WhenceQuinaryCampana,RoanStop
37,LonMack2316@mail2american.com,OnceContrastyRook,MatPong
38,EldonWalters9006@mail2frankfurt.com,BelowPiloseAcarid,SpentOba
39,EdisonWalls6368@lamer.hu,NudelyRumplessChaw,OleicRoy
40,MaryannWelch1765@geek.com,WorstGenitalicDees,EgalAdo
41,FidelHampton7565@hotmail.com.mx,WitCensoredWhite-eye,ZanyBey
42,KrisPonce5627@byteme.com,TightGimletCzarists,TumGins
43,SheilaFrye6384@mail-center.com,DandilyTestateEarp,OpticRim
44,HassanWest8678@bigassweb.com,HeapUntinnedPartisan,FellBrow
45,LanaJohnson4679@salehi.net,ThruJeeringPishogue,UtileAne
46,RodgerWolfe4052@rodrun.com,AboardWheyeyDyke,TaiSorbs
47,FranHuffman7764@brazilmail.com.br,EnduringlyCrankFinns,WeeOrb
48,PamMejia9204@mail2podiatrist.com,BigInkiestHypophysis,ColdAhab
49,MiltonJennings4980@iobox.com,BumpilyKeyPtolemaist,AstirTab
50,ShanaMeyer5087@suisse.org,VeryCzechFothers,EdgyIsle
51,RhodaVillegas5529@mail2king.com,BlithelyFishiestHe'd,AftIbsen
52,ElsieBraun3551@enel.net,MistilyHomewardHulme,BentYap
53,LynneMadden5726@mail2band.com,Half-timeUnbeggedLur,LastKern
54,MeredithTate8054@mail2firm.com,BleaklyMasonicFaders,DimWait
55,JeannieRivera6738@mail2turkey.com,FlyingShakySuisse,HipPrato
56,IreneMclean8929@mail2linda.com,HeapRunicVictoriana,WonRape
57,JordanMayo2789@raakim.com,RecentlyAgedParr,NamedDen
58,JodieHurley3522@srilankan.net,MossoBerserkHooray,BowEtna
59,ParkerFleming7636@mail2saturn.com,FinedThank-youOpah,OaredNag
60,RaquelConrad2341@gmx.de,FluidlyNextMemento,ZoicPitt
61,RashadKing9432@netexpressway.com,LatentlyKarmicMagnum,CheapWan
62,KatyBird6219@mailbomb.net,TonTheroidChappies,MildMene
63,JayColeman3788@altavista.net,ThereagainstBarerAne,AddedFog
64,JoshBautista2418@bornnaked.com,GrumlyGrapyAsthma,FarGains
65,WilfordMcgrath4622@love.cz,NighWestJavelins,WorldJar
66,VanceSalas9978@mail2mambo.com,SnidelyHamateBriefs,CushyIra
67,LaurenNorton8546@ak47.hu,AxiallySwelledE-mail,WeeSmirk
68,MelissaPrince2757@mail2democrat.com,AstrayRummyCreed,JainBigg
69,NanetteBonilla3803@mail2sandy.com,UppishlyHerbiestMeus,PanLaird
70,CarlaPoole2033@lagerlouts.com,UnsafelyNubbyBiros,DozyHerd
71,BrunoCarroll1584@gurlmail.com,NothingSummeryFacia,RindyDit
72,SavannahBriggs9150@mail2arnold.com,SharplyHorsierErebus,LiveBurt
73,CarissaJoyce6222@hotmail.it,GeyZibelinePassive,WanChips
74,MartyMitchell1798@airmail.net,InlyObtuseSparers,WaleSass
75,EmiliaCameron8024@llandudno.com,CloselyHoldingFascia,CeredRaj
76,DelbertWarner9160@kapoorweb.com,SurprisedlyZeroPrude,MownYap
77,GreggGlover6898@pool-sharks.com,AfireFeverousScotist,DualBind
78,RosanneHouse9563@freewebemail.com,CagilyOrdinaryGrit,FeyLast
79,HiramValdez5444@spamex.com,DownEpigynousBabis,AnyThrum
80,MonicaArmstrong7891@ibm.net,LestUpcurvedIbos,SecHoggs
81,ArmandoWoodward4820@fromdelaware.com,DecorativeRedderNiff,MadMorel
82,KerriVasquez4941@globalsite.com.br,TonOgreishPleons,MostPut
83,ErvinLarson9513@mail2max.com,CarnallyThumbedPoofs,KaputJon
84,ErickaSherman1455@onebox.com,FreelySpurredHawse,LaosScat
85,JimCase6272@ididitmyway.com,FreshJaggiestPlacket,DirtyGam
86,GretaAyers4864@mail.kmsp.com,LiefPimplyOutturn,BeigePst
87,TracyWall1845@mail2visionary.com,RemorsefullyHoleyLug,MirkyEft
88,SolMatthews8474@money.net,SmirkinglyFlatBranle,FourYike
89,LeilaBridges8096@educastmail.com,AloftFictileRangers,TypalPar
90,DelmarLarsen1495@fromcolorado.com,GlidinglySlierMasts,ViceSpot
91,OlaShort1661@mailstartplus.com,GoofilyCostalSieves,LessWhop
92,PatriciaMcdonald3219@mail2homer.com,QuickAryanQuine,ZestyWen
93,BrooksPitts2716@yourname.ddns.org,BareleggedSwankCoign,EchtWest
94,CristinaBarrera1433@sent.com,InwardAllantoidVeals,DaffyKex
95,AnnCain5704@mail2paraguay.com,CubicallyTattySputum,WideJat
96,WalkerBoyd3233@space-travel.com,TandemCollapsedCoon,RealPoas
97,CleoGriffith5343@itloox.com,Close-upDoomedJotuns,To-beCru
98,WadeCastro8600@optician.com,ConLucklessExaminees,GawsyRod
99,MargoBullock7520@mail2boston.com,AsternAiredTun,HexSouth
100,BobbieCortez4668@mini-mail.com,DearMousierChaptrel,ItchyDos
101,LavernBright5533@mail2nigeria.com,EarthwardLedTap,PopBoer
102,LilianHumphrey1023@wingnutz.com,AxiallyBogusTubings,BentKate
103,BennettMunoz2820@music.com,SidelongUsualEuropa,CapedPay
104,DonnieNorris6371@mail2miami.com,FartherHorseyCricoid,MurkLuck
105,MarvaVega1234@iwmail.com,AnywhereWorthJangle,DrySpams
106,GuadalupeLynch6613@mail2newjersey.com,GainlyGoodlySocager,ProSins
107,GailGardner3574@3ammagazine.com,BallyReasonableBurks,ArcDiv
108,KarinaCooley8454@mail2electron.com,OkayBodaciousOpens,RopeyTax
109,ErnestineMueller8303@the-quickest.com,AmazedlySubmissEdna,LameEwe
110,CaseyHughes8884@libero.it,HeighSveltestThanet,WackyDug
111,ErikaRubio4877@musicscene.org,HereuponHarlotNoggs,CreamFid
112,TamikaMcbride8281@nauticom.net,BrawlyRevisionismDin,AwnyNats
113,LilaHill6927@hispavista.com,FaintlyErectileGeum,OpenTofu
114,ReidDowns7568@housefancom,InertlyOrientalVouch,JetLocks
115,ShonHudson4175@mail2sagittarius.com,RichlyEffectedWynns,HewnHaws
116,JohnnieBuck1636@mail2disco.com,SwiftFitterGravels,TrialGag
117,EllsworthGarza1282@mail2jennifer.com,AlikeMeatyGarishness,StockAda
118,BillieMcpherson5882@fmail.co.uk,IntertwineNewsyYacht,BipedVis
119,ClementeStein6510@press.co.jp,BoilingCreamKrill,QuakyCox
120,RobertoRoberson1888@mail2sports.com,StarrilyWeedyDiadem,BumWet
121,StefanAdams5254@jazzfan.com,GarishlyKarmicAnvils,SecPub
122,MollyWade7114@mail2randy.com,DucallyImpishWurley,GoneDux
123,JohnathanMorse1031@ireland.com,PrettyActiveCep,MainNerd
124,MonroeMiller4937@mail2stockholm.com,AbedIridaceousMeany,DryRho
125,LouieGross7092@mail.nu,EquablyHomyPolybius,BluntAsp
126,ConsueloConner1056@thewizzkid.com,UngentlyKnowableWen,ProtoIou
127,ShirleyWilkerson8623@odmail.com,VerilyNumerousWok,SecFumes
128,LolaRay7220@anote.com,NeatlyPissedT-bar,AirEthyl
129,EthelCline9375@mail2waiter.com,DeepLivedHyperbolas,PerkyRae
130,MindyMann4680@usa.com,VivaciouslyDaftPut,OkeTuck
131,MathewGreer7343@chek.com,AnyhowReleasedKop,SmugKroo
132,ErinDunn6737@mail2aeolus.com,ErectlyPiggieWidow,KinPtah
133,RoyceOneill4384@mail2stock.com,LateSemilucentDouser,RubyEvan
134,GrantNielsen2012@agoodmail.com,FlippingRecedingJota,SameBack
135,MeghanVelazquez6453@mail333.com,StrictlyNubileKarts,SearDoab
136,RosendoFarley3460@spils.com,SleepilyFelonStandee,HighBert
137,ScottyChavez4981@musicscene.org,BreezilyDupableDing,AmpleTic
138,EvangelinaStewart2113@tiscali.se,NewCalisthenicHash,ScrapEgo
139,EliseoHuff3345@yahoo.co.nz,AkimboTouchedFimble,PetHuias
140,VilmaHahn5045@mail2phonecall.com,FormidablyAhullGifts,TrigJato
141,HenryKnapp6552@uolmail.com,SmartKinkyForepart,TrialLam
142,BerryBlevins3178@mail2egypt.com,SoftlyHaematoidCoses,NamedJam
143,AlanAndersen9699@insidebaltimore.net,PromptlyBonierAgaves,OddKob
144,JoyceMaynard3137@thai.com,AholdKeeperlessSkivy,MisHanap
145,RichardLevine6283@levele.hu,AbedAffectiveUveas,AneCovey
146,DannyHale7798@mail2josh.com,CravenlyHalfIsfahan,WrongKin
147,CarolynHickman6699@mail2fashion.com,AmidshipsTopMachan,RoanBops
148,TessaLi1360@mail2wyoming.com,O'clockHo-humCosmist,GalaYack
149,FerminGolden9722@mail2cathy.com,NoisomelyNeededAyes,To-beDie
150,NoraContreras9787@velocall.com,DoublyTrepidMuckle,LitLinda
151,BlaineRandall1980@from-china.net,SayRimlessEpuration,MobTimer
152,JimmieLuna4787@netspeedway.com,AlsoBrahmanicScunges,RudeSeat
153,StellaMcintosh4326@hotfire.net,HowlingGradableRimus,PinyEsse
154,AndresDaniel4098@apollo.lv,PatProtopathicCara,PatLepus
155,WesleyHarvey8991@project2k.com,HeadsBlottyImperial,SwankKit
156,SangChambers6945@mail2southcarolina.com,ContinuedlySarkyDick,FeyBongo
157,JeffersonWinters1247@krongthip.com,LateOverbusyGlazier,MumOllie
158,PaigeSingleton5668@mail2janet.com,RightlyGivingKitten,FayManx
159,MerlinYoder3130@yahoo.co.jp,OtherBalsamyBlock,BabyBrim
160,BrittCarr2910@terra.com.br,PlumpSpanaemicHeveas,LoneSloe
161,KimberlyRosales8813@mail2liberia.com,SwankilyGoriestDavie,MintTube
162,JosefinaHarrington8083@hushmail.com,BleaklyUntestedMicah,BullMoll
163,LillieQuinn9286@mail2linda.com,HomewardBirchIceland,ZigQuirk
164,AlyceBradley3222@singapore.com,PotentlySuperJesting,AnteSpar
165,ElliotBowen9458@from-asia.com,AportQuakerGarters,FeltCuds
166,EmilyBradshaw4596@dott.it,BenSordidEmptier,LaneByre
167,DaronWhitehead4133@n2business.com,CleanlyUnwilledLees,IffyGyve
168,JesseArias5517@subnetwork.com,RoaringDecumanCackle,TalkyJem
169,DiannSalinas6388@nate.com,HeartilyAerobicRingo,ShockTab
170,SusanaSexton3542@alhilal.net,FastSnoringPremies,FelonZip
171,TishaCosta1508@acceso.or.cr,FiscallyToothySussex,FinnyBod
172,HelenaPeterson9750@wrestlingpages.com,MerrilyLethalBedtick,LownBogs
173,AimeeOrtiz6214@mail2democrat.com,ClosestSweltrySparer,HitLuger
174,HildaChristensen3169@mail2jazz.com,WhatPiteousCease,LeanOres
175,AllieMaxwell2494@netzero.com,SwiftHystericTobruk,RubyDele
176,MontyCunningham3203@mantrafreenet.com,SoonerSlyAdar,AztecAil
177,FranciscoLong5905@ilovetocollect.net,DamplyGemmyMexicans,GalaDels
178,PasqualePierce8649@altavista.se,IdlyCoxalMutilator,KeenJill
179,AntwanGordon1047@mail2turbo.com,AgitatoCtenoidCapots,DureJamb
180,HallieClay9671@samilan.net,AgitatedlyPaidLumber,NakedTat
181,TommieAndrews9420@mail2phoenix.com,StrongFirryMick,AcidFino
182,JewelDavenport1792@ignmail.com,OvallyLossyWindmills,LayPrude
183,WeldonHood6087@mail2tonga.com,NotBilobateHel,GreyChiv
184,ReginaldNovak6026@etrademail.com,NinthLevel-headedPut,MiniCavy
185,ShellyPennington3328@mchsi.com,SecurelyVoidSirrah,SkiBason
186,HarlanWilliams9464@mail2jackie.com,HealinglyYoungerHero,IcyVena
187,RoryVillarreal2939@mail2portugal.com,AbaftMonandrousBight,DozyVote
188,MinervaKirk7713@the18th.com,FestallyFeistyOllie,RosyVeep
189,RowenaFields4125@mail2louis.com,SlowlyLamerPing,RussChew
190,SimonePerez9184@internetbiz.com,WitSteamtightJambs,AgazeDam
191,DinoWashington9030@hotepmail.com,ThickInbredOpticians,TenBums
192,CurtVazquez2472@mail2poet.com,PopularlyRoupyIndian,FussyGen
193,RamonMurphy8784@mail2alaska.com,OverUnknelledCrimp,GraveJab
194,GordonLivingston5840@mail2elizabeth.com,AmenablyTwaddlyKaif,BestTic
195,SanfordPorter4532@mail2handhelds.com,FrugallySorriestAyr,KeyExeat
196,ChrystalLloyd6446@love.cz,BeamilyAhullNevus,TenMopes
197,MargieMckinney9658@myplace.com,TonMinikinBrewage,HeadyKop
198,OwenDonaldson7568@tvcablenet.be,UndulyMightySquashes,RichDump
199,BarrettMendez4590@mail2frank.com,GiocosoFerrousAlohas,LimyPomp
200,GilbertNorman7081@acmemail.net,StiffSalineMonoxides,KindFlo
201,ShannonStone4842@moonman.com,HereofFormerDover,Non-uNap
202,ErnestoSkinner2425@sunumail.sn,ConceitedlyRashStag,YonTunis
203,RupertCarey3659@mailstartplus.com,PrivilyGlaryAdherent,GreatYaw
204,LamontCarpenter9377@mail2baby.com,VolublyUnlockedDints,DaftWind
205,KennyHayes1630@mail.vasarhely.hu,SweetAliphaticLeiden,MazyFeed
206,LloydYates4128@tsamail.co.za,BlufflyLunaticStake,AgedKop
207,JulesMorris5697@mail2human.com,DailyPasturalOceans,DashBani
208,MirandaRichard6710@iwon.com,SouthCannedBreams,RankRots
209,ShawnaFrank7321@repairman.com,SickerCroakiestYawls,WightEmu
210,ReinaldoGlenn1644@spacetowns.com,SoliAspectualCutwork,ApishGut
211,EnidBranch3137@fatcock.net,ChiclyHighbrowLull,OnlyCoth
212,RickeyChristian4689@mail2iran.com,SparelyTearingByword,SeenBoss
213,JaimeRodgers1043@okname.net,AroundNiffyKebab,CanyHarp
214,JosefaAlvarado8739@mygo.com,TenutoCrossVacherin,FabDrag
215,RileySerrano4692@smoothmail.com,AwryWispyLobelias,UrdyZany
216,KellyMcneil7542@nativeweb.net,BarefootImidicMangle,DearLea
217,BlairJimenez6299@emailcorner.net,TenablyBursalTubings,MisLabor
218,RebaHenderson2696@home.ro,StillyFumblingBeiges,BombFids
219,DianaWebster6936@mail2harold.com,SnapFeeblerHalituses,SnodHaze
220,SilviaJacobson2562@incredimail.com,NatchSedatedBanding,WedGeeks
221,SydneyHolt4106@hello.net.au,SeldomLacunarTup,DryAmis
222,LeonDurham6825@personal.ro,BarebackedCronkFarls,OffTiles
223,OdisCarlson7676@thezhangs.net,MuchAcicularMolar,ShySable
224,MilanWilson5888@scifianime.com,FoullyIrishTightener,AstirWag
225,AlishaHanna6457@the18th.com,CrouselyRareSnakes,ZigBit
226,LutherMontes1232@ourbrisbane.com,BadRidiculousRectus,LuxeFits
227,KentCarney7968@recycler.com,AfootCrawliestDesman,FewOnyx
228,AntoniaOwens3584@freedomlover.com,VeryAllergicLongways,AeryLeap
229,JacquelynGaines9853@yehey.com,NoneAugmentedJehu,IdleTace
230,AliceCraig2892@mail2samurai.com,BelatedlyTrueCooeys,LatedNyx
231,EdHolland6294@mail2malaysia.com,AbloomGangliateCads,BadLimbo
232,PenelopeWagner2495@etrademail.com,RemovablyRugoseEgos,LownHogg
233,MickeyShields7275@n2.com,PassimTwelveKaifs,KeptShul
234,AlexisBarton9298@archaeologist.com,EquitablyAdultComedo,DietWay
235,AntonyGarrison2037@mail2classifieds.com,FleetlyAfricSlater,OffVerb
236,LizzieHarris5196@mailtag.com,LiveUnemployableShed,TwoNerve
237,LinwoodPotts1390@planetarymotion.net,HighCaucasianCroatia,TakenSei
238,FerdinandZavala9355@mail2ashley.com,UnusablyShoalOstler,ScaldDor
239,GeoffreyBeasley1914@azimiweb.com,AleeDrowsingApus,NaryAlan
240,AntoneSteele8371@myownfriends.com,SeldomCookedFeu,TeenyJab
241,IvanWerner6653@212.com,MotherlyKeyColons,SizyLucy
242,DeeKey6615@mail2marries.com,UnwarilyRipplyClops,SoliOmsk
243,MattieDickerson3920@infovia.com.ar,SqualidlyBrawRootage,ManxPale
244,BrendaSantana4204@qudsmail.com,AmokAliundeCrossword,FennySin
245,SashaHowell2026@mail2mary.com,AfloatIndecentEyes,GayActon
246,CatalinaSchroeder7644@enel.net,OckerFussyPinfolds,JetBalas
247,WallyBishop9500@mail2visionary.com,VexedlyClunkyMosul,JakeLeap
248,DamionHuerta7379@mail2donna.com,NayBathymetricalGigs,SeedyOwl
249,LesaWeiss2862@mail2stewart.com,SupremelyUnloadedAke,ToeyHave
250,GradyKlein1024@palestinemail.com,SureLosingConvive,MardyLag
251,SallyFox1540@yehey.com,StagYoungishStanhope,OticDiet
252,EileenWillis9657@chickmail.com,MeanlyRevivingPart,FolioArt
253,JaredCurtis9050@mail2podiatrist.com,EdgewaysGrimyBeefalo,DudGhent
254,FlorenceRobertson6005@mail2vanuatu.com,MeanlyUniformGadoid,SavvyMot
255,CodyIngram3586@worldmailer.com,ForwardDereDisarray,SapAscot
256,JosephineMartin9155@mail2dearest.com,RoughMousyWeathering,MidFlood
257,EloyOneal4791@mail2india.com,FalliblyRoiledCassia,WeerDuct
258,AuroraHester1505@the-aliens.com,LessPulverizedAgape,SeaHops
259,TrudyEscobar6770@mail2dominicanrepublic.com,RashlyExecutoryMums,VivoTrap
260,SondraBlackwell3313@moldova.cc,NotAcidifiableCaps,NonBier
261,LewisHamilton8738@thundermail.com,SafeDiffuseChorees,FreeBots
262,StephaniePineda4167@mail2henry.com,MedicallySadBanner,TautSilt
263,JanieRivas4007@married-not.com,LuridlyTenutoHearer,FastDrab
264,SueRobbins9693@mail2gerald.com,FatefullySolvableArk,KeySutra
265,ClaudineWatkins6759@sp.nl,FierilyPleadingOxen,EqualDry
266,DeandreOwen4981@mail2portugal.com,TightlyLowseChagrin,AxialTon
267,KrystalMiddleton2088@mail2french.com,FugatoSpindlyCalques,KinYews
268,DawnBarr7770@mail2mail4.com,BetwixtFerociousFast,ThaeBust
269,EdgarLeblanc1019@mail2mini.com,ToughEpidermoidSolum,GrandBan
270,NellLucero4478@mail2sports.com,RemotelyNormanWicket,PanHalts
271,BrentRitter9565@mail2wilbur.com,DearUnreinedDinghy,WonElsa
272,BuddyDaugherty6801@alternativagratis.com,MotherlyTipsyUmiaks,RunnyBat
273,JoannaMarks9282@youpy.com,ProudlyHumanGlycol,FatRae
274,SuzetteSanders8121@mail2sailor.com,UneasilyCruelUmbel,FolkMogs
275,IanRiddle7190@mail2katie.com,NativelyIllWildfire,TopDray
276,MarieReese4587@mydotcomaddress.com,SoonOff-lineTriolets,LogAide
277,AmiePittman1620@mail2riley.com,ThereaboutsSoldRifts,PalePegs
278,LeonaCastaneda7200@zubee.com,WoefullyTentieRuffes,WickXyst
279,EleanorEsparza3891@wonder-net.com,DominantlyFernyHatty,ArcTegu
280,JavierKane2775@mail2jan.com,InaptlyElencticBrine,MobPiths
281,JeanineBurke7503@wowmail.com,AugustlySulkiesDelis,SicMana
282,MelbaCasey2772@onmilwaukee.com,PlunkCubiformCornett,DashMaps
283,GlennaBuckley7843@mail2dan.com,LordlyScotsVenation,WaurHawk
284,AvisBell2807@frommaine.net,AhorseAd-libSpot,BossLoaf
285,MelGoodwin6600@123box.net,AusterelyLacunalCry,MereSkim
286,IvoryMathis2182@fromarkansas.com,GiddilyArchBorg,IckyWadi
287,SandyBarnett6716@sndt.net,NuttilyMeatyPrunings,MimProd
288,LucindaCastillo7011@lowandslow.com,NaeDendriticRipieno,AdeptOld
289,LeeMercer3438@rescueteam.com,VexinglyWailingSizar,AvidKine
290,EsperanzaPatton3736@nfmail.com,BarelySilvanMillie,SurfyBos
291,ThurmanStout2577@wowmail.com,OughtXyloidShriekers,BlahAdie
292,AnibalPatterson1027@mail2mongolia.com,MutablyKlutzyIll-use,TunedRoe
293,VaughnLane6837@frommichigan.com,BallyVeinierLeaguers,WinyBest
294,SidMoss8416@mail2barbara.com,BawdilySexismDonzel,OddLear
295,KentonCummings5016@baptistmail.com,TrueTerefahRoxanne,AnySwing
296,DebbieWebb2030@asiafind.com,PutridlyMuddyButches,MalarInn
297,SilasLindsey2714@gigileung.org,UprightAgonicCavils,BitWhack
298,DillonMcgee6997@grungecafe.com,WaurInsipientCherub,RudeSumo
299,OliviaSchwartz2272@ace-of-base.com,DingilyAmissBracelet,TrigSoft
300,JoEnglish7773@mail2galaxy.com,MutuallyAbleTwo-up,WornRash
301,NevaFerguson2282@mail2pluto.com,FecklyAndorraHealer,TenDaric
302,OdellFerrell5483@mail2roy.com,AmusedlyMatureKill,LeggyPay
303,LucienFreeman3517@ghanamail.com,FeeblyFlecklessWaffs,LuridNun
304,MaxineEstes2095@vote-hillary.com,DecentVarioloidHolms,LamerGur
305,FilibertoSandoval2997@mail2victor.com,DamCensorialAffinity,DamnMiri
306,HongChen6162@mail2colombia.com,InfalliblyWamblyGore,FatMavis
307,AngeliqueCaldwell7986@mail2matthew.com,InbyGrizzlierDamfool,PatManor
308,PhilChoi6649@coolmail.net,AwayCupreousOatmeals,SizyTod
309,JarrettRichards5506@austin.rr.com,NaryCringingConstant,MotorUlm
310,DexterFuentes9684@flashemail.com,AshoreGlazedMya,SoupyLop
311,JerroldBanks3940@medmail.com,ArcoIgnorantNatrium,WightAle
312,FrancisFitzpatrick2306@mail2claude.com,MileShavenFalchion,EachAmok
313,LynwoodValentine4665@mail2georgia.com,DrunkenlyProudRikki,SlumMalt
314,RosalindClements5066@yahoo.com.au,LeallyBriefAnnalists,FastAlms
315,TimKrueger7234@hypernautica.com,TwofoldUnborrowedWet,NthNukes
316,MichaelLandry6918@amele.com,DueHawklikeLares,MonyRho
317,ElenaFarmer4040@blazenet.net,FellyPeliticEnsure,AulicCat
318,SungHaas8295@herono1.com,FutilelyMidgetSlobs,EeryPiss
319,QuintonTerry7083@seznam.cz,LotsVagalGrainers,VinyHaft
320,RustyLucas9856@mail2gilbert.com,VisiblyGonadalTacoma,TanBant
321,ClariceZamora7666@mail2platinum.com,MildlyCurliestCrine,DownSera
322,FletcherConway9192@mail.co.za,CertesHomocyclicRush,BackFour
323,AlejandraWalker4582@trust-me.com,CattilyIndignStaines,FullAlec
324,HunterMccullough8453@zybermail.com,AmissGrimPhoca,ScrapIan
325,JarredBauer7546@mail2norway.com,MoanfullyPostCystine,EvilYolk
326,HenriettaAguirre2332@fastemail.us,IllyRacialismSeeming,CozyPods
327,NoelleBlackburn5183@aol.it,HardLimneticFifties,PertWipe
328,ConnieLutz4389@mail2germany.com,OddlyWalledHowdie,DarnTut
329,DelRasmussen5520@optusnet.com.au,WooinglyJaggyWadding,VainOgre
330,LesMahoney5522@starmedia.com,WaxilyBairnlyZygomas,OwnNess
331,MargueriteSutton9589@mail2dreamer.com,PurposelyPuggyUrd,CodPaxes
332,ArlieMyers8039@supermail.ru,PeskilyUntaxingMid,BoldDarg
333,BrandonKelley6981@mail2oregon.com,ShaggilyHaemalCantos,TacitGil
334,RafaelBaird3301@inicia.es,ItaRadicantTace,NudeEve
335,AlbaBerry1357@cnnsimail.com,CandidlyHerbierLimp,UltLimos
336,DannieHartman4307@hotbot.com,PlacidlyUnruledJaks,BogusSow
337,RandiSawyer4014@mscold.com,TrustilyLeafierJogs,AnyAmi
338,GeraldRichardson3983@mail2matt.com,DeucedWimpyCateran,CivilNun
339,JeanBerg1768@cynetcity.com,SwiftAbsentOratrix,ArtyHay
340,VincenzoRoth8201@web.de,HungrilyBrawIncline,CanyRest
341,RalphBurns5198@coder.hu,FroHuguenotSimonides,SilkySam
342,MagdalenaHoffman6520@velocall.com,PleaseDulcetTeazle,OldKatie
343,JeromyHuynh6442@prolaunch.com,ColdDopedSprigs,OutShear
344,SaraRogers3371@nativestar.net,MythicallyRiskyHausa,AirTurps
345,AlonzoPratt6467@powerfan.com,EffusivelyBenzoicTon,JetBilk
346,MeganMurray6068@mail2roy.com,PostAgnosticRupiahs,CutLox
347,RachelleHanson9344@mail2ireland.com,DrySpiffyKampongs,KuficBan
348,AndreCabrera2797@mail2pakistan.com,InwardlyUnstudiedEll,BigReif
349,JosiahVilla5834@dbzmail.com,AshoreFakeChairlifts,TartSalt
350,ScottieChandler8109@wwdg.com,SecondlyProsyScold,HickOkay
351,ParisBentley8319@mail2heaven.com,MoltoFormlessPadrone,MadEduct
352,IgnacioLara5000@mail2yugoslavia.com,SpokewiseTo-beEvelyn,LealZarf
353,LeviPerry7419@mail2mississippi.com,HomeUnboughtRookies,RubyPlow
354,LupeStephenson2141@wheelweb.com,DrowsilySemiCatalpa,AftClara
355,ImogeneJackson2888@mail2jacob.com,TenthlyDampishGoos,GroupAsp
356,BryanDelacruz3434@realemail.net,AwashCushyScauper,PetitObs
357,LornaKoch6776@beeebank.com,AjeeWashedGeographer,LegalTub
358,TerrenceHuber1850@mail2zurich.com,SaleablyPatLineament,RidSixth
359,CorineLam3634@interlap.com.ar,GrimlyCadgyHyperons,FatLeno
360,PercyFritz5741@freedomlover.com,ForradHyoidCroquets,HaltYate
361,JeniferRoy4779@olemail.com,DrollyCoatlessWasn't,MostMurk
362,YoungHobbs7005@nicegal.com,CommensallyTimidCoat,FoolKim
363,ColinBailey4557@au.ru,AboveScalyHarasser,DueJow
364,DerickHeath3425@cybertrains.org,EvilLandedSpecials,ElseEsky
365,MarquitaOliver1152@mail2westvirginia.com,BenSieneseCoachwork,ByeDills
366,FredWalton3855@grapplers.com,OverfarCrankiestJow,AneNork
367,OfeliaErickson8604@collectiblesuperstore.com,DeepUnbentThenar,VividPos
368,TraciCuevas4618@speedrules.com,HereinMaritimeElegit,WickTut
369,ErnieCannon2169@mail2cynthia.com,AvidlySpunkyWagons,CodClack
370,SteveGalloway1817@estranet.it,FourthPassantInkwell,LobarFez
371,QuentinSantiago5129@mailite.com,GeyPathicBoathouses,MereLark
372,HymanOchoa7707@abolition-now.com,MazilyImagistAshet,WudHogg
373,SophieTodd1840@pool-sharks.com,BloodySapphicTanagra,PoshDead
374,EricSchmidt7956@mail2honduras.com,SomewhyDressyGlyphs,GimpyHin
375,LacyPhelps3133@mail2swim.com,AnnuallyBossierParas,ElseMyna
376,EdmondFuller3996@mail2nick.com,ForeverDilatableGrip,KeyTikis
377,FrancesPalmer1990@coolsend.com,PlaguyTelicDowncomer,RidSib
378,AronDavila7901@uae.ac,CommonlyNativeInns,AgingEss
379,MarquisRangel8185@ezrs.com,CourseTeachableZarfs,EdgeKate
380,HattieYoung2841@mail2stacy.com,MuckingTartaricGlads,NaryRuck
381,DeannaMorrow2910@mail2colombia.com,StrongGamyDegression,NittyRoy
382,WyattLevy4497@yalla.com,LongHolographicProbs,LangMime
383,BrantMelton1272@inbox.net,LeftFloppierPoddy,SeaCount
384,EdwardDavies7484@mail2lynn.com,DamnFutileStaves,VoidTew
385,JesusCrosby9919@mail2washington.com,QuiteVolumedVerjuice,FainLard
386,NickPena5500@mail2man.com,FridaysBuyableCurser,BigDonor
387,TwilaMaddox7820@sentrismail.com,LastFuzzierScarp,LeeOgee
388,RubyElliott6807@ididitmyway.com,FortePutridBomboras,FixedElo
389,EliMoody8467@mail2online.com,LeanlyRidgedKerala,RumGuilt
390,SocorroHolloway9507@mail2grandma.com,SufferablyDeafTouts,FlashKif
391,LuellaSpence6803@sale-sale-sale.com,LongCoronaryTininess,LeastBeg
392,EdwinBeltran5348@mail2gordon.com,LyinglyRidingProbity,MopeyJug
393,PriscillaBenton1712@redseven.de,ConferCausticNays,PastEyry
394,TylerWilliamson5242@mail2poland.com,AcromialPausefulKang,BeadyMir
395,EliasRich7041@mail2lovable.com,AlwayCriticalKnawel,FeyBoyce
396,DarrickReid9127@3xl.net,AstrayPlaneRushee,LiefEld
397,IraGamble4773@mail2ian.com,OddlyEthnicalSwale,AgoPica
398,JereBrennan4256@mail2arthur.com,LeanlyBusiestEnsures,AllPoke
399,MatthewMckenzie8492@arcademaster.com,SmashCappedPinnies,VastPush
400,AudraHansen9397@thecriminals.com,WanlyVotiveDrumbeats,ShedMime
401,BeauStuart8415@unomail.com,LaudablyLownExam,LoyalJog
402,TrinaKnight8121@freewebemail.com,CrazilyInsertedVichy,LedgyRut
403,TammieHernandez2480@mail2doglover.com,DownrightBookedLace,SemiSaga
404,DorisFrazier5455@mail2france.com,PitapatWaywardGrippe,MurkLamp
405,PierreMcmillan4909@freezone.co.uk,BuckishlyDosedAbodes,PetDoor
406,DonnFriedman2033@mail2aphrodite.com,GranularlyRoomyMick,GrayRhos
407,IkeMarsh1795@aknet.kg,UndulyRamblingCupola,ZanyCond
408,GarthGibbs1336@ecbsolutions.net,SayMotionlessNeil,BuhlRomp
409,MandyHolden4849@mail2zephir.com,FinallyDimmedColly,WedLogo
410,ManuelWare1219@mail2jackie.com,DiffuselyMeaningEwer,BrochNyx
411,RandalMoyer8957@turkey.com,AlikeJingoistSexes,ProDash
412,TerryKline2933@the-chinese.com,RigidlyMoldyScriber,AwingMud
413,ChiPowell1710@mail2shawn.com,DangHomyBeepers,OilyMam
414,DallasCamacho3894@antisocial.com,OverlyUnstockedFlesh,LimpTier
415,FreidaRose2061@mail2milkyway.com,SuitablyFlawyRennes,FortyBet
416,FrankieDrake5649@mail2hawaii.com,ProMaliciousSham,ArowProp
417,LouellaNixon2480@public.usa.com,AwryCainozoicVomers,YonWats
418,RosaliePollard7099@mail2aeolus.com,SelfishlyCharierCon,HumidBit
419,JeffryGentry3145@srilankan.net,FeudallyAhorseAspect,LeftSals
420,RaeHarrell9356@mail2heal.com,InerrableMidEpimers,JuryBarm
421,KathrynKerr7012@zoho.com,LazilyMouseyEth,LooseAmi
422,MarleneMcfarland1654@mail2joanna.com,EvasivelyZeroAllison,PastFurs
423,RuthAcosta8654@america.hm,DeadUnletCollective,FabHasp
424,MariaGibson2620@rubyridge.com,DarklyStatedFlinch,MidMuser
425,MarciaJoseph1298@okname.net,NayChummiestDoyleys,TotalMob
426,CamilleEstrada9884@usa.net,RoyallyExcentricBank,YonWhaup
427,MonaKirby1664@check1check.com,OftUnlearningHalvahs,SpunMama
428,GayBean6821@mail2albania.com,IllyMizzenDimmers,EachAbe
429,AntoniaGray9066@csi.com,LovinglyFar-offBlyth,SarkyFad
430,VioletReed2599@brittonsign.com,ReverselyFroreKochia,BlueMasa
431,ToddDominguez8693@fromwestvirginia.com,FriskilyMemphianMed,OiledBud
432,JeramyTrevino2196@thaimail.net,ApieceThwartwiseSura,UncoDean
433,LucianoSheppard2739@mail2methodist.com,SmartOversewnGirdles,PickyPop
434,JohnsonJames2657@bikeracer.com,Too-tooTepidnessOffa,EddicBub
435,CarterGreen8417@earthdome.com,SubduedlyCuffedPens,DopyTabi
436,BertaPugh5339@sentrismail.com,CattishlyBirkIncomer,ManicArk
437,DonnellMorgan1161@freemail.com.pk,BesidesDyingHopefuls,SnugHusk
438,SamHayden3965@mail2bar.com,MercifullySuetyFeoff,ZingyAdo
439,EldridgeGonzales5946@keyemail.com,JustUnswornLodgement,AirPagan
440,DarrelFletcher3731@windstream.net,FatuouslyOddNecklet,IllDregs
441,ColeenLove9643@emailengine.net,LightlyAranKoala,TartPole
442,VickyMcdaniel2857@nemra1.com,RoaringEdaphicFallal,GoutyZax
443,EmeryRowland2681@norika-fujiwara.com,OnstageSkimpyLilac,FunnyTaw
444,MarthaJones2864@imneverwrong.com,AptlyPitchyTextures,TartCorn
445,CarmellaMccarty8394@mail2jessica.com,FellySlicedQuitch,StateGip
446,AndreaGomez9972@mail2debbie.com,SoreWebbedDoorbell,FauxFriz
447,LeaCowan3015@sukhumvit.net,WhenceLigneousScoot,OozyRitz
448,ElizabethMurillo5886@yahoo.co.jp,AwryPrecocialSomas,TamilBap
449,ZelmaGoodman6654@chello.nl,SternlyMucicPodzol,DereLise
450,SylviaPotter9814@eriga.lv,LongerMankyMekong,EyedLens
451,KenyaRosario9201@direcway.com,SmallUnlabelledTeddy,BarePros
452,AllanBecker6318@netpiper.com,ThisTwinningKeepnet,AstirHag
453,ZacharyZimmerman7853@totalmusic.net,UnwomanlyPudgyChintz,YonBiles
454,MauricioFowler1396@rattle-snake.com,SlowestRarerMann,AvianLem
455,CalvinThornton9240@snowdonia.net,ErectlySpicyPapules,MalayNef
456,ChaseHowe2162@ziplip.com,BenCuddlesomeFantoms,NighOlga
457,FaithLawson7703@mail2director.com,MeanlyPalmaryChooms,FeyFury
458,LenStafford7985@mail2joe.com,AskanceHauntedMime,SicRayah
459,AlejandroHorton7557@mail2ruth.com,SixfoldLitterySquid,IshBiga
460,FlorencioBender1853@quakemail.com,CommonlyLineyUnguis,DirtWipe
461,UrsulaJordan3565@lahoreoye.com,SorelyKnockoutDohs,PreDoll
462,AnnaCalderon7731@geocities.com,EitherDrownedFrail,BogusBod
463,StuartWatts4898@our-computer.com,GrumpilyUnfadedTorte,AbuzzCig
464,LolitaBennett8607@mail2eris.com,PliablyFuzzyGophers,GreekSac
465,HoytFlores9333@smoothmail.com,HoolyInterAglossia,CodDork
466,GenaroRamos1126@penpen.com,AfootFadedPenn'orth,ElmyLur
467,BrianPhillips3892@filipinolinks.com,LatestAngulateHaiti,UrdySoya
468,RuthieGlass7202@ultrapostman.com,AjarInfantArbs,FewSamps
469,GermanWilkinson2023@mail2anesthesiologist.com,IdlyMastoidAside,SlyBarbe
470,RosettaMoran3234@3000.it,InterimDrunkenHenry,EqualOld
471,KelseyMccormick5055@netmongol.com,DisposinglyAmissKobe,SoledDuo
472,WillieLee4622@1freeemail.com,AlwaysMarcanGloves,DryBroos
473,EarnestMedina6524@torchmail.com,NopePaltrierCrowner,TiedHem
474,KelliMcclure3025@doramail.com,SmartCirceanRumpuses,AptKapok
475,BobbiWaters5914@yandex.com,AsunderIdlePlug-ugly,ChadBuhl
476,HerbGreene8135@guy2.com,SlimlyReformedBlueys,AskewOhm
477,AlexisBryant2294@fuorissimo.com,AchinglyBroomyGird,CurInez
478,LouisLogan8838@imtoosexy.com,PeaceablyJuicyQueens,HighEns
479,SergioHiggins3204@mail2slim.com,TastilyHindDoubler,AgoElite
480,NormaHarper4979@mail2beth.com,WarValidEquability,BuffEdam
481,RebekahLittle9330@racefanz.com,ReadablyGiocosoZeals,BoxyMare
482,DwainNewman6529@mail2tracey.com,UnfitlyCaringUakaris,InkyHuey
483,JaneIbarra1802@mail2leo.com,DullySuppositiousAba,LostVera
484,MarcusMeza1477@mail2white.com,UnnaturallyBriskWhey,LushySat
485,ChungKelly4346@emailaccount.com,NaryCanareseHotpot,PatZeno
486,JerryGilbert4161@bangkok2000.com,FiendishlyZonkedRuts,GunsMoms
487,TomAtkinson9419@mail2lois.com,TonPrecedingTrace,FurzyMop
488,LindsayParker8425@schizo.com,CloselyMuckingKloof,CleanFan
489,KendallHodges4246@wrongmail.com,GapinglyMutantJingal,TearyVic
490,KennithNash4444@mail2lost.com,EvenPeregrineWolfers,SkimBaps
491,AlonsoDixon9951@veryspeedy.net,SnapAgreeingTrainee,TopsIsle
492,HazelKent8482@mail2cry.com,FellyPelvicFishery,ThreeMog
493,MariYu3788@mail2star.com,LonglyCheckeredNadir,ToeyKepi
494,PorfirioDalton1449@mail2lipstick.com,AgoneConveyedWaltzer,TanThrob
495,MackSummers9102@carioca.net,BlearilyGreenSawders,OctalIbo
496,LoriBoyer6873@ijustdontcare.com,TanglyCorkyMidriff,ParDivi
497,JudeMcintyre2759@telkom.net,AdequatelyBallyYak,IcyAril
498,NormandSellers9566@golfmail.be,PlaguilyRitualTitle,DamElsa
499,GastonFaulkner9694@inmail.sk,LamelyFunicularTuts,RumCohoe
500,CarolinaMartinez1853@mail2cliff.com,HereatRabbinicRegma,MuleyMel
501,CharityHawkins1985@mail2stewart.com,SubjectRiotousGleet,HighLams
502,AlecMckee4214@mail2becky.com,LaighLumpishJimmies,BuckCara
503,GustavoHarmon7221@krunis.com,SoonFreakishJoshers,LiteInn
504,HipolitoTucker3785@ntlworld.com,ForciblySedateNosey,MiryVest
505,MarinaRussell1921@mail2artist.com,AsideCivicAnaconda,BragReis
506,AdrianaRodriguez7399@mail2nasdaq.com,DangPithecoidLengths,WiryBop
507,CaseyRhodes9311@info66.com,DimlyLimeyTaperings,JaspOffs
508,KenethLeonard7294@sympatico.ca,WanlyPathicRiffles,FlyMotet
509,SonyaCarter9130@bigpond.net.au,SoreSchemingScreens,OffRae
510,MarlonNoble8035@birdowner.net,DesignedlyKinHilltop,DiceyTom
511,GraigDecker6894@liverpoolfans.com,AstrayFogyishCheat,DamTenor
512,AnnabelleStark2950@canoemail.com,HeapsCausticAtamans,GamicBat
513,DianneRivers7253@web-police.com,EnoughYoungerMacedon,IncanSip
514,AntioneJarvis1596@communityconnect.com,SullenlyVoicedMods,SafeTrim
515,SylvesterHendricks6922@m-hmail.com,LongerInfatuateHenge,OldUdos
516,ReubenSimon8230@mail2mechanic.com,RuddyHangableSamoan,FozyGym
517,TristanNewton8852@visitmail.com,EnsembleErraticXylyl,MeekSkin
518,TrishaAguilar9963@govolsfan.com,TreblyLeadiestClaque,BigTab
519,MaryGalvan6425@doglover.com,GoddamUpraisedGrill,AinFame
520,TammySimmons2942@oceanfree.net,AnywayIsogonalBong,WedVogul
521,ChristinaBernard8390@the-beauty.com,RubricallyEagerSerf,IlkaFalk
522,FlossieCruz9218@mail2ca.com,SnatchilyAshenDivans,LocoAesc
523,RobertSweeney5564@mail2bahrain.com,VulnerablyBungMeeds,WeakDead
524,DonnaCopeland9379@ignmail.com,AvidlyRovingStoups,LeafyInd
525,RaleighMooney3264@parsmail.com,FreshCyanGenerations,TabuGigi
526,JamalPope6662@freeuk.com,SeriallyDroppedHiram,BombPuss
527,BoydHouston5766@jippii.fi,CrasslyThirstyGraphs,GlegDie
528,ClaireShepherd9806@mail2fondness.com,TheFabulousKillarney,SlowPork
529,NickolasValencia5148@ukmail.org,WavilyTransitoryRift,RubyRhea
530,OllieChurch6737@mail2truck.com,BiliouslyAncientCuts,SkewText
531,GayleGilmore4650@mail2dominic.com,SquarelyUnshedVivian,DamNorth
532,AdanBuchanan5817@optonline.net,NowUnperchedCircus,UnlitMen
533,VictorBurgess6119@aliceadsl.fr,BisSpellboundRennet,CompoDoh
534,SonnyHaynes8646@mail2graham.com,LotsUnownedSafe,BugsBoar
535,LeonardoWeaver9052@gamegeek.com,YareSignatoryImpact,MimLight
536,RamonaMontgomery9154@neuf.fr,PowerlesslyDewyTew,ArchAnoa
537,BrockSolomon7834@outlook.com,JimplyLushSagamore,NextUrd
538,LorettaFlowers3341@capu.net,SharpCalled-forFerry,LaidWash
539,EdwardoPerkins3187@racingmail.com,DauntlesslyLownDons,RoanFile
540,HilaryFloyd5797@zahadum.com,DangAdulterousFreaks,TiedBaum
541,PamelaJenkins6342@guessmail.com,KnowinglyRhodicFibro,WornEras
542,WilmaCole1943@madrid.com,FloridlyPresetCorgis,BugsActs
543,EusebioMata5234@mail2kenneth.com,DowdilyRoll-onClaire,AquaSeth
544,NicoleLynn7732@mail2republican.com,SmuttilyJoltyLand,MisQadi
545,CristobalBarker8203@irangate.net,FitlyCallableMobiles,PartBest
546,StanfordMiranda2629@amnetsal.com,ButGalvanicInurement,FellSons
547,MarySchmitt4856@ijustdontcare.com,MoltoHoggishThomists,BabySals
548,MikelCoffey4646@i.am,AughtJoyousConcrete,EdgedBea
549,PansyWiggins2776@airpost.net,AstutelyCandidMilkos,DamnCozy
550,GracielaWang4917@mail2wayne.com,Okey-dokeYogicDipole,NthNewt
551,JessieUnderwood4866@mail2nike.com,HappilyAshakeWichita,WrySycee
552,CliffGallagher9543@mobilbatam.com,SexilySlopedOverhaul,AchySoja
553,BradlyGarner5694@mailsent.net,TriviallyEccrineKick,JackNans
554,ManualHarding5241@city2city.com,AlmostSaxonVesture,PokeyCoo
555,MelisaEwing8713@wildmail.com,WithalHorsiestSteel,OldFiber
556,BeverleyLeon1794@infospacemail.com,BullishlyLimyGrouser,AllWails
557,BruceShah7151@cicciociccio.com,SlowerCitrusTenement,JakeRoup
558,MiquelKeith9563@mail2missionary.com,Too-tooFiftyVeracruz,ForteJus
559,KristyStanley6704@mail2switzerland.com,GauchelyPileateIon,NotalInd
560,NeilTran1484@mail2swaziland.com,OftEcchymoticCandy,OwnRomas
561,FreddyGood3136@3000.it,OnceDisruptiveVestas,KinStele
562,DoloresSimpson9545@dallas.theboys.com,NaeCaringFillisters,DureTad
563,ValarieFrost9826@collectiblesuperstore.com,DuallyUnmeltedPoppet,TornStaw
564,LadonnaHines9838@mail2japan.com,PausinglyRiblessLiar,WeerBias
565,MollieHunter5627@mail2victor.com,FlyingUppityBursa,WinyVeal
566,ArlenMoreno9542@earthonline.net,TaxablyBawdierSpires,GreatElk
567,MaiMassey6470@mail2recruiter.com,BehindJimpHerds,LaxSpode
568,AntonLamb8103@coollist.com,YetRattishWordbooks,BitSough
569,NoreenPham2511@techpointer.com,AtweelDuckierPongoes,SixHwyls
570,JessieMcguire6264@mail2kiss.com,LosinglyMalignantLoo,FauxMagi
571,StantonShaw7751@curio-city.com,ProlixlyGluttedAjax,ArowWays
572,WilfredoFoster2211@mail2kristin.com,MairPiggieHighlander,OctalPro
573,GeorgetteBooker4260@pacific-re.com,BlushinglySternMood,WestKore
574,GerryRocha6202@freemail.de,EvilKnottierApostasy,BasePrau
575,TiaMay1875@okmagic.com,QuietlyDatableFoal,BusyCops
576,JordanDawson6970@mail2rosie.com,SomewhyPunierAzan,ChadSkat
577,EugenioStrong5696@mail2jeremy.com,PriggishlyMazyBipods,VocalWok
578,LowellCarson3351@cornerpub.com,AgogInterredJumpers,SecBikes
579,GaleBallard3025@mail2namibia.com,PleasurablyUsedLakh,PanShoer
580,SusieReilly3182@counsellor.com,BadlyUnremovableHest,MobFoxe
581,JeremiahBlair5185@myself.com,PithilyPlayedTicks,FatSebum
582,WarnerFord9958@nfmail.com,InsipidlyBugsCalvert,LaoDewi
583,StevieSchaefer6316@mail2affection.com,CloserStylarCorduroy,GalaHub
584,DeloresCalhoun2161@jazzfan.com,AnxiouslyMagyarSioux,UnfitCap
585,OdessaBest5159@mail2mason.com,GladlyIntrovertWaws,MinorPit
586,KenDickson7837@wowmail.com,CockilyArminianAsana,MagicBee
587,GaryMoses9405@mail2maldives.com,ForthUnsolidZho,AneWhy
588,GretchenSloan9806@from-england.com,VitallySoldPolicies,FastSwiz
589,RayHays8720@mail2trekkie.com,CondignlyGrabJaffna,ProsyDod
590,NealKaufman8480@collegeclub.com,SomewhatWordyHoar,CozyElls
591,CliftonJuarez4467@mail2recycle.com,DownwindRandieBrogh,CornyPot
592,PhillipRiley1266@lycos.co.uk,UnderGuiltyPusey,OverKadi
593,AndyDaniels5594@mail2oops.com,UpstateCardiacGooney,WaryMyra
594,HowardHodge8007@centrum.sk,LonglyTenuousDoit,IncanDub
595,AdelineBurch5480@yalook.com,AslopeSageMalted,DealGaps
596,KimMiles5487@starplace.com,FacetiouslyScummyGip,VagalPud
597,LizCrawford1091@onenet.com.ar,NearlyLacklusterShot,MagicDie
598,ClintBrock1136@123.com,SoeverJapanMaundies,ShedCoax
599,GabrielaNunez9578@mail2randy.com,AnomalouslyWoozyPang,BornBrig
600,SharronCompton8551@felicity.com,SupraDeceitfulSedums,AchyTup
601,KarenMacdonald7338@erols.com,FullyJoltierFraser,BentBond
602,JerrodColon4357@mail2prince.com,GoodNoduloseRhomboid,DeadSkis
603,DeenaFrancis6716@whoopymail.com,TrimonthlyTonishBit,ShotHag
604,RobinGould1120@telerymd.com,FanwiseHomyDitches,BalmyMan
605,BobbieSullivan9570@mchsi.com,AridlyDebonedTakes,NappyDos
606,HoraceWood2753@mail2optometrist.com,SibilantlyMoireLucas,SlitIsis
607,JedBall4969@lmxmail.sk,WavilyImpelChis,WareObs
608,LouisaBlanchard5284@talktalk.co.uk,SadlyGalicianPyxis,TrigTyre
609,ClaudioHensley8763@mail2louis.com,FunnilyPetShadowings,DotyCher
610,AndreaTaylor3782@msn.com,ReadilySloppyGentry,SoftKnot
611,BoyceMcdowell5684@ezmail.egine.com,VernallyTeucrianTaps,NovelGib
612,IsrealOconnor2555@mail2producer.com,HereofMilkAmerica,OvalSump
613,AdrianPeck5926@mail2mauritania.com,JollilySmartChauffer,SizyBox
614,MarianneHart8345@cliffhanger.com,SpeedfullyFetidAllyl,PineyWye
615,KrisHopkins3442@mail2matthew.com,IcilyReptileKolos,PlayScud
616,KipPadilla8362@hello.net.au,DamnedRibaldCootie,FoldSiam
617,EstherFigueroa7031@baptized.com,ArchlyDirtierBowling,BenTakes
618,JillBurton9918@mail2sierraleone.com,TiptoeEmpiricScare,SurdBeta
619,GertrudeShelton1720@go.ro,DulyEnormousAeolian,DreadAba
620,ZacheryBlake3865@salehi.net,NudelySneezyCroceins,RentTank
621,CherieFisher6261@mail2laura.com,CheapAbstinentKarat,FrankCad
622,JoelSchneider1874@mail2slovenia.com,AgapeCoppicedCumbria,FunDimes
623,VanDillon8233@mail2concert.com,UpstateTiringHuffing,LaxDebt
624,JustinRoberts1165@mail.pt,AwaHattedScandium,BeigeLeu
625,LongAvila6459@subnetwork.com,VivoGoyishPatton,BaldHaji
626,FeleciaBarber5923@mailpanda.com,OutPersonablePepsins,JadeTed
627,DevonHurst5581@mail2westend.com,LatestPyoidBrawler,LardyLac
628,MiloWilkins2578@cairomail.com,AwryClosetGoosefoot,HipSida
629,LeighDelgado1175@mail2barbara.com,SeeOutlandEndopodite,SicKnoll
630,IsiahDouglas5333@cgac.es,BeliveProbingBorazon,HuffySis
631,AnitaVargas5821@aemail4u.com,BlacklySeemlyGunks,SickAxel
632,JuniorCisneros8362@the-gremlin.com,WanlyN-typeBuyers,RaptLiza
633,LenoraMclaughlin5614@the-stock-market.com,DrollyReactiveBond,PeakPay
634,TadGuerra5976@tsamail.co.za,AdownCapedClone,ModNib
635,RudyWallace5767@mail2bahrain.com,HitherBerriedAssent,RankNova
636,BeatriceAdkins1637@212.com,AdownCoursedAncona,RentPics
637,DuaneCantrell2097@yahoo.dk,FurtherBuckedSpool,CodLuna
638,TerriMathews7143@subnetwork.com,AcrossRightableColon,ZanyBub
639,RollandTravis7611@survivormail.com,CoherentlyTuttiChis,HazyScab
640,CelestePowers2282@kozmail.com,YetAfricGavials,LedSaul
641,SandyKnox8927@our-office.com,LessPalmierSleuths,HalfHowf
642,JeanneClarke8722@aim.com,GleefullyDiluteBroom,HickBolt
643,RufusWhitney3894@excite.com,DemonstrablyThruEure,HolyEcad
644,DebraMelendez9175@emailaccount.com,NextProThyroiditis,DereFee
645,EuniceHammond8258@heerschap.com,WorldlyDivisiveKarat,EgalRose
646,KathleenBenjamin4695@geeklife.com,HastilyWormySimooms,SlitTais
647,MorganCervantes4201@friendsfan.com,PostShoalyPulka,WilyPood
648,PaulineHutchinson5550@europe.com,TacitlyBlastingScan,JackSofa
649,SelenaHorn9885@mailbox.gr,DueHamularCyclopes,MidOva
650,WinifredLopez1225@earthcam.net,DaintilyLownArks,AdamBib
651,FrancesAtkins5524@37.com,VitePastyIngestions,FleetAit
652,ShaunPacheco6799@australiamail.com,SorrilyBarredMayo,PureUfo
653,IsraelSharp8090@attbi.com,FoulOrdinateGolconda,WetMoper
654,KristaGates4004@lagerlouts.com,NightlyFlintyMaquis,WeeWrens
655,WillieSantos9390@mail.usa.com,DoublySweatyLeans,MisMony
656,PerryProctor8523@sci.fi,RegallyAwakeCairn,WinyTons
657,SoniaPruitt5305@velnet.co.uk,PrestoHitchyTosspots,FlyCrane
658,MariettaAbbott6607@mail2troy.com,EasyIntentGammonings,NthAura
659,PaulParrish9813@netcom.com,Where'erIntimeRengas,VivoTup
660,JeannettePatel4668@hotbrev.com,OverleafHyaloidHerns,KwaTipis
661,YvetteAndrade8145@bangkok.com,FugatoLoppedPrices,LaxColor
662,TheresaHaney8023@mail2anna.com,PenallyFunnyScunge,DuddySaw
663,DaneClayton9685@fatcock.net,PerforceUnsungSewage,BungSalk
664,InaVance4612@mail2maggie.com,FullFiddlyTrapuntos,WallyUrn
665,KatinaAustin6560@localbar.com,AforetimeSorriestBur,DunOater
666,MohamedRyan8711@thecoolguy.com,CephaladFitCore,WanTai
667,DylanHaley6944@offroadwarrior.com,SloppilyVixenManor,PaleLand
668,FayVaughan2291@fathersrightsne.org,UniaxiallyDotalRydal,FumyDoob
669,ChristoperMills5432@mailingweb.com,OverhandHumaneTingle,PreFend
670,WesGillespie9671@gotmail.com,RemovablyIriticOast,StaleTea
671,CarolVincent5019@netradiomail.com,NearerPastoralHood,LocoAnns
672,ChadwickHenson6693@radicalz.com,BoringlySpareCinemas,MedeDoss
673,JonasRiggs1907@mail2rex.com,So-soBahaiKeelson,RopyMary
674,DennySmith6530@mail2rome.com,LamelyReddishStonk,MixedAlf
675,RussBrady8747@interlap.com.ar,ChieflyGumptiousInk,WoodSudd
676,KarlJohnston2743@mail2wallstreet.com,AleeCutestPaction,PrimAlex
677,ToryBeard6560@catsrule.garfield.com,OpenlyScombridGulley,UncoOiks
678,ElviaStevens2356@airpost.net,EerilyFuriosoFiefs,LaidForb
679,EmmaYang7948@infomail.es,SedulouslyNastyEblis,MassCuba
680,NoemiDunlap9657@popstar.com,LowHooflessPerfidies,BatsBurp
681,JamarBond9212@from-belgium.com,IncurablyIranianFloe,AinTai
682,AbelAli5596@mail2fighter.com,CooinglyChewierYacht,ArowVeer
683,CharmaineFrench3824@mail2divorced.com,LeanlyHymnalEyre,LaoFurls
684,OliveKramer4539@mail2ecuador.com,Post-paidInformNorma,FubsyBog
685,SarahConley5892@naseej.com,ThickDeep-laidKochia,BaseTace
686,TyLyons4535@asia.com,End-onTribadicHolst,HetDoges
687,BradyStrickland1769@saintly.com,UndermostMidgetWaws,MuddyRib
688,BelindaNicholson6963@redseven.de,ScantLastExactions,DunWink
689,DarrylHolmes8347@live.com.mx,FourthUnrequitedDate,YarerAna
690,CherylWheeler1028@mail2noelle.com,LikelyPalpebralIsaac,BombGoal
691,SethLeach5286@eposta.hu,NotGoodlyPaulownias,SicBust
692,WhitneyReyes9528@fromthestates.com,BackPoachedLungies,DadaPeel
693,TyronCombs9836@the-pentagon.com,CrosswiseAulicBowels,FellTrey
694,ElisaCrane6380@mail2vodka.com,SavagelyDingeInn,LaoWhore
695,HollyRaymond4104@realradiomail.com,UnreallySpokenHoboes,RawUrea
696,LouGriffin1052@thai.com,YepToruloseCarol,LowNess
697,MalcomHerman9826@mail2irene.com,ErstwhileDraughtyHam,NewCocky
698,ErasmoWyatt6922@mail2beast.com,WaysAmmoniacDumper,LedNoel
699,EfrenLowe8506@mail2jaime.com,SadlyRollneckAccount,LaicHeat
700,IsabelFernandez2082@netlane.com,BelowFrugalTrihedron,GrayBuoy
701,AdalbertoMcconnell4304@zonnet.nl,PlumbSelenicSmellers,ToeyBrad
702,GenaShannon2055@mail2madison.com,AboardProtanopicNewt,DunToady
703,ReneCarrillo3292@att.net,AgainTingedHachures,PokyPict
704,AlineDuarte4378@mail2cry.com,UswardRawEnzed,IllTor
705,ElvaYork3615@onobox.com,NicelyBargainCadelle,KeenHail
706,PearlNolan8516@bboy.zzn.com,ApaceOkeBedchamber,ToeyAids
707,RandolphMccann9206@mail2bernard.com,TimelyPlummyTamers,IndicAre
708,KaylaBolton4340@mail2human.com,FearfullySpickWinger,KeyGemma
709,MarkusWiley8283@portugalnet.com,TrimCurvedCampos,HuedRef
710,AhmadMccoy1350@abolition-now.com,BlithelySibyllicEels,JaspCope
711,JoanChase4412@the-snake.com,AlightPiazzianSchul,AptMeow
712,FreddieBush3011@4newyork.com,SpikilyDampHarrison,StockTea
713,JillianRoman7099@mailbomb.net,LeftwardAfghanNapkin,SkiBart
714,HectorTyler3974@fishburne.org,UnkindlyOutlawMoped,FusilMeg
715,HillaryShepard8110@teletu.it,BlanklyReputableDame,AwareDin
716,DarrellKrause5785@crazedanddazed.com,BelowMonarchalDig,FineCrop
717,BlancheVillanueva2471@leehom.net,ForwardLiddedSpringe,HickCow
718,ViolaRuiz2268@cfl.rr.com,FifthRun-downVarecs,NippyGut
719,CatherineOsborn4412@correo.terra.com.gt,CrisplyShogunalAnti,KachaLay
720,AbeCurry1076@torchmail.com,WhenIncasedSaltiers,FabSibs
721,MarvinSingh4265@goodstick.com,VapidlyFurrowyFiats,ShotTaw
722,SharleneAvery1255@canada.com,NeedsThomismOctroi,SharpKea
723,LawerenceMichael4458@ismart.net,WhereonIonicSkinfuls,FastHaar
724,ElliottHardin2904@mail2portugal.com,AloudSapEconomiser,DreeZeal
725,FabianKhan2685@mail2feeling.com,RottenlyZestyParfait,RustGram
726,VicenteLowery2317@onobox.com,WhackingRaplochTouse,EchtRavi
727,RondaEverett9750@consultant.com,NewAcrogenicMotu,SkinClop
728,JarvisWoodard6125@mantramail.com,AiblinsHornyEurythmy,MadeGain
729,ChristopherBates1153@frommaryland.com,WoozilyStellarSniffs,WickFaun
730,DanaGarcia5647@mail2armenia.com,CozilyLeewardNefs,OozyKava
731,PauletteDean2623@keg-party.com,WhilomRakedDeaths,OneFixer
732,OscarEvans8167@webjump.com,ClearSky-highSends,KeenYaw
733,FloydSanchez1385@email.com,QuiteCopularWoking,GladReef
734,LoganCook8973@mail2taiwan.com,OutboardScopateCity,WonRanee
735,DelmerBray4162@olemail.com,StillPsychicUzbek,SkiRiots
736,ChristieWard3394@mail2volleyball.com,BelikeLozengyAlbedos,CurstFun
737,TheronMccall1813@hawaiiantel.net,DrablyWitlessConger,CanyLime
738,WallaceChapman1594@mail2webmaster.com,YesDrumliestGeorgina,BumFurl
739,RobinRollins2814@mail2geneva.com,FreeSpirometricBrook,LostFogy
740,TommieBarajas6781@golfemail.com,SweetHaleCouriers,AftConk
741,HesterRusso9364@mail2larry.com,SicInviolateBrewer,TrimMas
742,HomerValenzuela8550@netsquare.com,DamnScotch-irishGod,SnowyPup
743,MarcPayne9790@mail2biologist.com,AlwaysPavidHaziness,NodalErk
744,AbbyRush4608@mail2ian.com,SlavishlyChippyBerms,YummyLou
745,CarmelaGill9218@medical.net.au,RightlyAddleIquitos,HardGula
746,ClaraMayer5517@mail2doug.com,SinglyPrissyJoule,KeptPut
747,ChristyEspinoza7548@saintly.com,ThenPassingGarb,AuldShes
748,ByronTerrell7779@bluemail.ch,DittoWieldiestNags,HoarMuck
749,NorrisNichols8873@earthlink.net,CosilyFunkierSilver,LaxEtas
750,CarlosHardy9077@onobox.com,DimlyNettedChichis,UltAgism
751,RheaStephens1068@keromail.com,AbeamWineyPopsy,EatenHap
752,AmyBeck2130@oicexchange.com,ExpedientlyLippyIces,MisFact
753,LorenzoBaldwin8179@chirk.com,VenomousWeirdToronto,BenSkim
754,ShereeArcher6958@cd2.com,SanelyMonocledBant,MeetRubs
755,AmbroseBooth2393@animalwoman.net,InsideRightLatvians,BushRin
756,RosemaryDennis1132@hhdevel.com,BallyUntrustyFids,SolaTids
757,ArielLin5393@mail2estonia.com,UnderarmWiserRevers,InbyIll
758,TamekaRoach6514@srilankan.net,SecondlyAgreeingArm,RearPhot
759,LeopoldoMora6797@mail2mel.com,IllTriuneVibist,FairPeba
760,KristinaBarry9660@bootmail.com,LargeUnderspentTumps,OutMaps
761,MarionBarron4014@mail2delaware.com,SlackEpicalGribbles,RawBaccy
762,LazaroGraham9018@movemail.com,FleetlyRootedGaffer,AngryUke
763,KathrineBenson9124@ccnmail.com,StonilyFemaleToys,RuralErg
764,BeulahRice7052@adfarrow.com,RecklesslyForkyMalms,EcruBord
765,CrystalDeleon2152@mail2volleyball.com,DirectBearableBlaze,NudeChiv
766,BrandenHubbard3493@mail.md,TreblyGassierChukars,FrankFox
767,LatishaObrien6222@mail2mypc.com,RedlyGiddiestAlkene,CadgyPya
768,DavisCardenas1671@mail2one.com,QuiteBivalveRilles,HugeRush
769,JanellOrr8214@mail2triallawyer.com,ThroughSerratePathos,AskewOrd
770,JimmieWhite5122@sina.com,LubberClumsySuckler,RumUmber
771,NonaHogan5980@mail2vienna.com,VilelyCrawlierRomas,LangKobs
772,CornellCox2934@saintmail.net,VyinglyRakedFacet,BigAxel
773,BarbraMckay3902@myrealbox.com,OffishlyUndesiredNan,WavyAlda
774,BennieSampson6655@gonavy.net,WorthilyTrichromeSub,WafdTil
775,LilyMeadows9249@bluemail.dk,QueerlyPluviousYate,ElseSous
776,JacintoTrujillo7262@boatracers.com,TooSword-shapedGades,PatPorts
777,FredricSparks3124@mail2splash.com,SoloConjugalDebut,VeryDits
778,MadelineEllis3957@cincinow.net,DirectlySyllabicAced,SoggyNow
779,KathiePaul7686@umpire.com,AnywiseIodicHotplate,ManLaity
780,PeterMacias7171@mail2hope.com,HeadsStand-byHutus,ArcTeen
781,MaxwellFarrell4491@deneg.net,AgilelyWelshLow-rise,HewnMagi
782,NorbertDorsey3325@shotgun.hu,NearCattyFiloplume,JugalHal
783,ArlineBrooks7593@seekstoyboy.com,LotBrinishDamsels,WeestEon
784,DominiqueBlankenship9629@mail2queen.com,FatlyFatherlessSmall,KeyTonne
785,ClevelandVelasquez8078@clubhonda.net,UnusefullyGoddamGaia,OffTafia
786,MicheleBaxter4920@shuf.com,VastlyGulfyHail,AzoicLat
787,NadineFranco6883@usaaccess.net,TriballyMimicHackney,FirryPia
788,JessJefferson7997@mail2roberta.com,HighlyPoshTaigs,ViceOre
789,IvyPatrick2178@premiumservice.com,SweepinglySoloSprue,CoyElver
790,DanielHess1464@mail2tanya.com,GailySmilingBedmaker,HilarBus
791,HerminiaChung7371@yahoo.co.jp,YwisLatedBatten,GrumOgpu
792,WendiCross5952@outel.com,ThoPlatonicCarbons,SonicPun
793,WaltonLambert5686@mail2sudan.com,SoreBlightedFlair,SkinPike
794,LuciaDavid4231@fromoklahoma.com,ErenowWrite-inSloes,PiqueSky
795,KatharineSchultz4851@antisocial.com,FinelyFirelessAgony,TenGreys
796,HeleneArroyo9762@topchat.com,DeadToxicantPlanting,HexWord
797,ToniKaiser7828@mail2greece.com,NowEdgelessKingcup,MiryMarc
798,LourdesDuke6216@elvis.com,LastlyTutelarPrig,GunsEbro
799,RusselMccarthy6876@byteme.com,MorallySelectiveFriz,DirerOof
800,FranklynForbes1441@mail.byte.it,IrenicallyFayHushaby,BlahDose
801,PorterHolder5914@starmedia.com,ProudFaunalMolar,SkimRoti
802,AdelaDyer8556@mail2musician.com,ThusSpasticMoose,OutThars
803,RobertaFitzgerald9691@mail2fancy.com,BenUnillumedCollars,WaurRort
804,LeannLewis2371@yapost.com,DoughtilyViciousAlae,HitCors
805,DonSanford9676@the-newsletter.net,AforePlioceneGranges,MonyPity
806,BlancaSaunders2442@bradfordfans.com,SupraSubungualGombos,BaldSots
807,HughKemp9523@winmail.com.au,ThirdShedTorsion,RubyAxil
808,EzekielPrice9117@chaiyomail.com,DarnedMousierDiderot,PuffAdo
809,ElviraDuran6807@wanadoo.co.uk,TartlyRibbedHate,CoySizes
810,HerbertCordova5554@mail2timothy.com,FustilyIffyDisguise,ElseMetz
811,HarriettAlexander3810@frommaryland.com,BlindDottyBreccias,WryAre
812,DanJacobs3852@unihome.com,InchmealFlutedGypsy,LeftZara
813,LorrieRichmond4367@mail2mouseketeer.com,PlacidlyAciformSiva,CoyClash
814,OmerSpears6134@eposta.hu,PlentyShelfyHidings,WafdSnye
815,JessicaHull2150@mail2sevenseas.com,SameAcephalousScope,EvenLuau
816,AgustinWaller1479@rediffmail.com,SicIconicRosinante,BumD-day
817,WernerBrewer1927@juno.com,ToutUnstackedDraws,MidiEddo
818,NobleWoods4607@mail2newzealand.com,SpangHindmostCollies,RussGags
819,DarnellHunt2051@littleblueroom.com,QuickerKarmicBibelot,SureFinn
820,SantoDonovan3148@citlink.net,ThenceInertialVirls,NubbySub
821,MiguelArellano7757@housemail.com,AbsurdlyBackhandPhot,TrimIon
822,AugustusSoto9835@asia.com,TuttiElusiveJeweler,UltGuano
823,HugoMoore8456@mail2newjersey.com,CoolPliableTimetable,FoulLoon
824,GeorginaManning5417@fwnb.com,FairDreamfulMegabits,TabbyAsp
825,BrendanGutierrez8578@tiscali.se,NearestPeanutSolomon,HomyMill
826,EsterJohns5673@windstream.net,FurtherSeenSeptation,LappRins
827,JasperGallegos2897@superdada.com,EnowHitParsifal,TruerElk
828,AddieHenry6329@pigpig.net,So-soAspenFormulas,CadeTeil
829,HarlandGrant3054@c4.com,TrueDilatantHokkus,PanCote
830,LauraGregory3993@yahoo.ru,SlylySearedPoetess,WetGawks
831,HubertCampos8115@deltanet.com,TetchilyGeldedTwain,GreyTahr
832,JennyBowman3241@mail2eu.com,MairCluckyTricolors,WickLip
833,VirgieMays1179@mail2sound.com,YonUnsubmergedFiler,FullRec
834,FaustinoMonroe7796@sapo.pt,SoundlyElseConstant,DrierKos
835,LuciusGuzman4119@hunsa.com,FlatlingCampyPrimacy,FattyPoe
836,ShaunaMosley3240@hotbot.com,WindilyGrubbyBeast,LankPiss
837,EvaAllen1156@from-brazil.com,CrazilyVulvalArgos,EdgySen
838,TracySilva8353@mailhaven.com,CompletelyAliveBoson,WudAlbi
839,StephenBurnett1454@postaweb.com,AstraddleGemelLowboy,UltMagus
840,JanaAshley1427@qatarmail.com,MileLeeringAdjunct,KwaEnnui
841,PhoebeMorton3558@mail2sanmarino.com,StillXeroticSkye,GuestHin
842,AllysonRomero2401@deneg.net,TraverseJudaicHardie,BenRone
843,CarmenDougherty1986@mail2single.com,WhereSizyWeeknight,HeadKurt
844,JeriOrtega4903@another.com,HereonUgricFeudalist,ProxyYaw
845,NellieDoyle4809@handbag.com,DaylongHastyAbvolt,PerkRugs
846,LennyRojas9497@ratt-n-roll.com,HighWaurGibus,AltoMete
847,RosalindaDavis9706@vip.gr,EnviablyShiningAryl,JainSeek
848,HelgaAyala4488@mail2cat.com,AslopeUnchargedVats,CrumbNib
849,HaleyGiles2786@recycler.com,AliundeReedyGrown-up,SpunThor
850,CurtisRoss6905@imaginemail.com,HardScrawlyDeadlines,BumBogle
851,LaurenFinley8662@cia.hu,PeculiarlyVeinierEcu,TumidInk
852,DarrenPace1045@yahoo.com.is,NortherlyPeakHitch,ZigFarce
853,AngelSnow7057@mail2sam.com,HalfMaddeningLek,LinyDab
854,LannyThomas2812@smoothmail.com,FoamilyInfidelTrips,PartyAds
855,PrinceOdom1471@mail2kentucky.com,WayInoperativeDebtor,PlumJoan
856,DirkHuang6901@ny.com,IncogTestyOverlord,OddWalk
857,MerleStanton7363@mail2christmas.com,AgoDescantDiapers,RarerAsa
858,RachaelRamirez9654@mail2joe.com,FlirtinglyFadedSasin,TrefDan
859,WhitneyRobles7847@mail2cambodia.com,LeanlyDecumbentSpit,PatFloe
860,LindaRobinson9374@singpost.com,FarDog-cheapChirms,BoldAxil
861,JcAnthony4374@frommontana.com,OverallFiredReebok,OpeSoap
862,JacksonMaldonado3509@mail2mauritius.com,MixedlyUnbearablePap,SicNobel
863,JayneStokes8246@weekonline.com,UppishlyIckyByway,SicEyre
864,BryantRandolph1540@dnsmadeeasy.com,StaringAgronomicCab,BoxyRabi
865,WestonWilcox7028@the-chinese.com,MangilyBlowsiestGod,SteyRap
866,RobbieVang5479@iwan-fals.com,TartlyWackierBypath,MatteTum
867,AngeliaDudley1296@albawaba.com,RanklyWallyBella,SourLip
868,PaulaGonzalez8226@anymoment.com,OftenerReposefulSkeg,HotPilch
869,LonnieRamsey7934@grapplers.com,AfloatWeepyDeepening,HugerIsm
870,MarcosWarren1244@mail2strong.com,SoftProletaryThrills,CodMust
871,LaverneFoley2218@mail2holland.com,SorelyNutantDeacons,KemptMan
872,CoryAcevedo9125@mail2alcoholic.com,WaxilySnow-blindGoad,DerePerk
873,TannerCampbell3905@ace-of-base.com,SinceOctagonalHarims,FocalEns
874,SophiaBruce2521@mail2elliot.com,SkeighDivisionalFair,LowlyHyp
875,HueyOdonnell3493@peopleweb.com,EastwardCosherTamer,HolyWeys
876,SallieMcclain6041@deseretmail.com,MutelyWidowedHeckler,NiceTael
877,InezHancock5985@mail2lou.com,AlrightAllPlosion,LangBoma
878,BenedictFry7410@web-police.com,LargelyAmnioticFlax,GularYam
879,LeifCherry7319@mail2tennisfan.com,WorldlyPhoneyCoteau,LaoVisor
880,ChelseaChaney6158@jakuza.hu,AnesSheenCompound,CurlyMax
881,MoisesButler6764@mail2marsha.com,FullEquiseticSampler,PokyQuin
882,JuanRios9169@dublin.ie,PlumbConfessedIto,NobleTee
883,BurtReynolds7951@mail2tiffany.com,SoundlyVauntyCheater,ThinTids
884,GarfieldKennedy8127@the-mexican.com,HeavyTheropodSufis,SnugLags
885,JamesWells7261@austin.rr.com,StormilyUnitedCurtsy,SlimDrab
886,MarioDavidson8523@mail2king.com,AlfrescoGiltDaw,RedSeifs
887,MosesBass2530@mail2kim.com,GladlyCirripedHelmet,LiteRami
888,LymanNavarro8813@okmagic.com,BushilyAuxeticJudea,AwedTim
889,RoyMullins1091@mail2persephone.com,ThenceUnrealPlutarch,FixedEva
890,OrenMoon5297@topgamers.co.uk,HauntinglyVirginBern,SlyGrith
891,EdmundLe3098@mailclub.net,SicklyDourToothworts,RustHip
892,LemuelHinton5205@mail2noelle.com,HoarselyMoreKitties,DualFays
893,ClydeCooper6238@cheerful.com,BoilingBrannierGael,OldSnick
894,CraigCooke8111@bestweb.net,OutAneuploidSilurid,ShodLoan
895,VirgilGraves6375@giga4u.de,ApishlyTonedCanopy,CurtImpi
896,AldenLang9120@movieluver.com,AfreshGentleNicety,CorkyMat
897,NevilleLiu2894@2die4.com,OftenBehindDebates,CastEpos
898,DarleneFrederick2238@freeyellow.com,AnyCrampedForges,OneChafe
899,JewellBartlett6821@mail2king.com,SlimlyNittyGalliots,CokyHemp
900,AlChang7274@brfree.com.br,CephaladFirmEmmets,SoliDev
901,AnnieBarnes9250@wowgirl.com,CurtlyShiningGlades,AntiZing
902,RodrickParsons8859@antwerpen.com,ImmortallyManxBenes,SicVera
903,RudolphPetty8472@telus.net,TurbidlyMassierOleos,LichtEel
904,EddieHebert2601@yoursubdomain.zzn.com,WorstNormalQuilts,OvalPane
905,TonyCollier3608@dabsol.net,DaysChildishAlistair,DuskPick
906,ChesterMalone3080@maktoob.com,AfarUnbeltedOlympus,TwoQuoit
907,RogelioOsborne8036@superdada.com,PenallyTameOxymoron,LaoTyres
908,GavinAlvarez6184@techseek.com,ScraggilyLoathGaby,IshAsian
909,DomingoByrd6252@mail2melody.com,ErenowYarestLingua,EchtBro
910,MargerySwanson6986@vjmail.com,HalfColorificCantles,DirtyNip
911,ChetArnold2301@mail2alicia.com,ThusExistentGanoine,ThenOka
912,NettieBenitez2597@ptd.net,DressilyBanalSilvers,LaidAnd
913,KimChan2613@mail2marsha.com,EvenAlvineOculists,CoyCrook
914,ColleenOconnell7981@msn.com,MostlyCautiousBagley,TaiThuds
915,HopeWalter9592@dontmesswithtexas.com,StillySonantEnos,SuralAna
916,CynthiaPetersen7720@fiberia.com,HarmlesslyFirmChinch,SlySlate
917,LessieBrown4148@penpen.com,SicIncubousSjambok,WedSigh
918,StevenSavage2024@universal.pt,HappenRumblyMediator,OralChum
919,LouEdwards2967@3xl.net,ShallowlyMyoticRadix,MostSwim
920,MamieVaughn3107@city-of-edinburgh.com,PartUnfleshlyClassic,CushyVat
921,KaitlinWong9327@inbox.net,ThenRoyalistVermont,LandFids
922,ReyesBoone1672@classicalfan.com,RecessivelyYesterOrd,TinTimes
923,MargretMarshall3221@boltonfans.com,ForradManifestOmagh,SearFief
924,AmaliaCobb8293@mail2yahalla.com,FixedlyFlintierLuaus,ZanySaw
925,WilliamBlack2981@quikmail.com,ForemostWeerBooty,WryXylyl
926,HeatherCallahan1706@mail2ben.com,EasyBoundTravelogues,BoonBod
927,TreyBryan5962@the-big-apple.com,RashlyPurplishSidon,FumyBox
928,NannieMorales7792@hotmail.co.il,LarkChemurgicalLipid,FrailPal
929,LaverneHerring4137@eastmail.com,PrivilySissyThenars,AshyDusk
930,JorgeHooper7112@mehrani.com,EastwardOctaveQuids,EelyJut
931,RandellBoyle8652@kalpoint.com,NobbilyAloofCryolite,ByeHoyle
932,RochelleMason2293@kcks.com,SomewhyJointuredHags,WovenFew
933,CandacePreston4403@mail2biologist.com,PartCrackingTeraph,ElmyDrop
934,DellaMolina2726@mail2sound.com,MerelyMesicVugs,BugsLear
935,TaylorGeorge9607@dotcom.fr,WhamBouncyChirre,UnletGum
936,JanelleSpencer3433@netsero.net,LikePoltroonYaks,SereLev
937,JamiGrimes1522@btinternet.com,FugatoWilledRachilla,SageFays
938,WoodrowZhang3162@moldova.cc,End-onBunchyTensors,DowfDame
939,RenaldoTownsend8963@fortunecity.com,PressinglyRopyJockey,EvilStan
940,DollyMeyers9224@xsmail.com,PlentyArcConfervas,FainVeer
941,TrevorCharles4136@mail2bryan.com,NearlyUndulantGrins,JetSeals
942,MyrtlePark9750@ak47.hu,PalatablyPaledDavit,WeeLek
943,CameronWeber2920@mail2sandy.com,AvowedlyEndowedInd,SparePip
944,HarleyHo1935@123box.net,AcutelyFilarVendetta,WiryLark
945,OpalEllison2210@finebody.com,AssaiMyoidWreather,DudPant
946,WaylonHicks8443@gh2000.com,NatchBiggishDholes,PocoTamp
947,PatGay2854@sol.dk,DementedlyOleicPalki,HotCeder
948,BrendonScott1261@mail2westvirginia.com,FearfullyOvateWheat,EachVigo
949,AsaParks6230@wanadoo.co.uk,WorsePapalEssence,LogFlyer
950,RenatoSmall1272@ultrapostman.com,UsuallyJustifiedAirt,PetOzzie
951,TomasMcknight7001@post.com,WhamCressyPremier,WeedyUri
952,EttaReeves6847@mail2noel.com,FitfullyRivenUtensil,LitRheas
953,WendyMontoya1952@uyuyuy.com,VexedlyRuttyUnifier,AwayDisk
954,WilburnHorne7047@racefanz.com,FatlyReptantIonomer,PaidRana
955,AugustineKeller6991@mohammed.com,WhilomPoisedManures,SnugHop
956,PollySnyder1725@malayalamtelevision.net,PerhapsSpirantFlumes,IffyIvor
957,GingerBowers9326@vlmail.com,AmissJollyUvula,SixBirch
958,ElishaTapia2827@orange.fr,D'accordFarcicalWark,LinedOik
959,BrittanyWhitaker3649@canwetalk.com,AndanteIn-builtJujus,CurMaxim
960,DarlaAnderson6518@daum.net,CrazilyDosedRiata,TentyCep
961,TeriBerger4262@mail2gambia.com,UnclearlyRamalHalms,OilyFace
962,GeraldoBrowning6427@mail2italian.com,AfieldLiableYashmak,LimpTomb
963,StewartMcmahon2741@mail2usa.com,AvidlyLimeSideburn,TroyYens
964,PalmerKim7755@okhuman.com,EntirelyCloggedSmell,OkeGrief
965,DeweyCochran7592@mail2black.com,AfreshMistierBoas,BantuJag
966,HankTorres1057@kellychen.com,SoloRacemedMemorials,OliveJam
967,DewittPage2932@eresmas.com,TonHypodermicMediacy,BustyEly
968,KristoferWeeks9382@mail2pluto.com,AsternPensiveSayyid,LayAshes
969,SebastianNeal9629@ivebeenframed.com,JuttinglySaltyVives,AbleZeta
970,DuncanDodson6960@ptd.net,WeekAttrahentBaulks,SecNova
971,JackHoover8184@portugalmail.pt,OverleafAverseSlog,DarkRed
972,KatelynSalazar3731@offroadwarrior.com,Howe'erStubbyFeeling,HumidVug
973,DavidRowe2260@mail2lois.com,PitapatBoundingWhite,VilePun
974,GuillermoMendoza1693@mail2heidi.com,AblinsStellarSalchow,KinRaw
975,AlfonzoBradford3943@mail2lloyd.com,AmplyVindicatoryOiks,VinyJole
976,LawrenceBrandt9873@yifan.net,MessilyUrbanTibia,NewBoyos
977,ThadSolis3732@mail2hope.com,PrepositivelyPopLynx,MzeeBud
978,RobbieWu6576@mail2kazakhstan.com,FlopTentierSmears,AgogSwig
979,RolandFischer2354@mail2hawaii.com,AgogTristeLeasts,BurlyTat
980,ToneyFlynn3450@antwerpen.com,AleeApprenticeHeron,BondMoil
981,AidaBarrett7247@ygm.com,NayRegnantJowett,BuckMono
982,KirstenDuffy5911@city-of-manchester.com,SlylyWhilomOutcry,PalyGley
983,AhmedSosa4179@gateway.net,PlaguilyDenseVeranda,LinyCobs
984,DonaDay6893@kozmail.com,NaeParoxytoneBilimbi,FakePaul
985,SusannaEaton4319@msgbox.com,WeekChaldaicDisjunct,VinyMede
986,ReginaMercado2325@live.fr,AheadChoreicSnick,EbbDhals
987,CarlyPeters4461@navy.org,SparelyMaskingLevis,BadLuos
988,MurielOlsen2952@1webave.com,FrugallySpareTrolls,AgazeLeo
989,MableSims8769@mail2cry.com,LestSchizogenousDolt,JadeDry
990,LindseyMorrison8368@bt.com,WittilyUnincitedRamp,MaxiSack
991,JosieVelez7581@mail2ireland.com,SickerMythicalSeiner,AchyPull
992,WillardGuerrero5927@mail2kiss.com,BestPreachyTwistings,ShodPunk
993,GregorioShea2631@webmail.hu,Head-onKing-sizePedi,BuffArm
994,JanisWatson5094@agoodmail.com,SeawardStarchyEggnog,ShodLair
995,SherryWalsh8392@safe-mail.net,MalaproposNeuterPeel,LakyLac
996,MarilynBaker2407@ukbuilder.com,WaysRidingSpotlights,MidiWae
997,BillDuncan8012@mail2adore.com,AlowGyrateDormitory,OldSwamp
998,HarrisonLawrence2711@gti.net,PeartlyDurableNetty,FlyHula
999,MistyLester4929@the-galaxy.net,RoundPeevedStickjaw,LaySigil
1000,EarnestineHarrison3646@2die4.com,AridlyCosierAsana,MetalTie
